[{"id":"user-image-aa49e5bbcb321c65e1d4ba4d4afa599b.png","publicUrl":"np://user.desktop.nicepage.com/Site_60580323/images/aa49e5bbcb321c65e1d4ba4d4afa599b.png","size":21223,"hash":"GDO/JkPg674DZc5oitWfRhBPIhw=","fileName":"aa49e5bbcb321c65e1d4ba4d4afa599b.png","name":"aa49e5bbcb321c65e1d4ba4d4afa599b","width":817,"height":799,"thumbnail":{"url":"np://user.desktop.nicepage.com/Site_60580323/images/thumbnails/aa49e5bbcb321c65e1d4ba4d4afa599b.png","width":250,"height":244},"originalUrl":"//images01.nicepagecdn.com/aa/49/aa49e5bbcb321c65e1d4ba4d4afa599b.png","usages":["244614302"]},{"id":"user-image--min.png","publicUrl":"np://user.desktop.nicepage.com/Site_60580323/images/-min.png","size":112900,"hash":"3O93GReddm7gKvqm9L8JPoFPr+Y=","fileName":"-min.png","name":"-min","width":900,"height":850,"thumbnail":{"url":"np://user.desktop.nicepage.com/Site_60580323/images/thumbnails/-min.png","width":250,"height":236},"originalUrl":"//images01.nicepagecdn.com/c461c07a441a5d220e8feb1a/58b2cd29213658a9b229c01a/-min.png","usages":["244614302"]},{"id":"user-image-568717.png","publicUrl":"np://user.desktop.nicepage.com/Site_60580323/images/568717.png","size":3128,"hash":"mt2INH5iw6YWIfp/6Kx8KoQ5lH0=","fileName":"568717.png","name":"568717","width":128,"height":128,"thumbnail":{"url":"np://user.desktop.nicepage.com/Site_60580323/images/thumbnails/568717.png","width":128,"height":128,"length":3128,"type":"png"},"originalUrl":"//images01.nicepagecdn.com/c461c07a441a5d220e8feb1a/01af685291335cfeab5ae331/568717.png","usages":["244614302"]},{"id":"user-image-2664673.png","publicUrl":"np://user.desktop.nicepage.com/Site_60580323/images/2664673.png","size":4284,"hash":"TIjLNGZpsWNGkXqGCs9OKA7n/5k=","fileName":"2664673.png","name":"2664673","width":128,"height":128,"thumbnail":{"url":"np://user.desktop.nicepage.com/Site_60580323/images/thumbnails/2664673.png","width":128,"height":128,"length":4284,"type":"png"},"usages":["244614302"]},{"id":"user-image-2721688.png","publicUrl":"np://user.desktop.nicepage.com/Site_60580323/images/2721688.png","size":3523,"hash":"xv4BXvwTBXhPIQm2qyT98oZKU5U=","fileName":"2721688.png","name":"2721688","width":128,"height":128,"thumbnail":{"url":"np://user.desktop.nicepage.com/Site_60580323/images/thumbnails/2721688.png","width":128,"height":128,"length":3523,"type":"png"},"usages":["244614302"]},{"id":"user-image-10741347.png","publicUrl":"np://user.desktop.nicepage.com/Site_60580323/images/10741347.png","size":2093,"hash":"np6ndVV0MbGScE2YIoDMXi0WtWY=","fileName":"10741347.png","name":"10741347","width":128,"height":128,"thumbnail":{"url":"np://user.desktop.nicepage.com/Site_60580323/images/thumbnails/10741347.png","width":128,"height":128,"length":2093,"type":"png"},"usages":["244614302"]},{"id":"user-image-c43f809d31edee21971050651fcfcbb5a9292cf536c092ce64c6f22769df2cb768da1dc396044d9c482ab3f46cb1008917714fa247987b619cf3ab_1280.jpg","publicUrl":"np://user.desktop.nicepage.com/Site_60580323/images/c43f809d31edee21971050651fcfcbb5a9292cf536c092ce64c6f22769df2cb768da1dc396044d9c482ab3f46cb1008917714fa247987b619cf3ab_1280.jpg","size":57476,"hash":"j4eEhd+9fqvYBDkZIDc/mRzMkRQ=","fileName":"c43f809d31edee21971050651fcfcbb5a9292cf536c092ce64c6f22769df2cb768da1dc396044d9c482ab3f46cb1008917714fa247987b619cf3ab_1280.jpg","name":"c43f809d31edee21971050651fcfcbb5a9292cf536c092ce64c6f22769df2cb768da1dc396044d9c482ab3f46cb1008917714fa247987b619cf3ab_1280","width":1280,"height":853,"thumbnail":{"url":"np://user.desktop.nicepage.com/Site_60580323/images/thumbnails/c43f809d31edee21971050651fcfcbb5a9292cf536c092ce64c6f22769df2cb768da1dc396044d9c482ab3f46cb1008917714fa247987b619cf3ab_1280.jpg","width":250,"height":167},"usages":["244614302"]},{"id":"user-image-32d2b54034cf4fdc3c56e89852233345738f070104f66acbb29cd577edb9e104ea0f7f97e475771142e6d000864ab467d91a21bb2a8bf9c51000ef_1280.png","publicUrl":"np://user.desktop.nicepage.com/Site_60580323/images/32d2b54034cf4fdc3c56e89852233345738f070104f66acbb29cd577edb9e104ea0f7f97e475771142e6d000864ab467d91a21bb2a8bf9c51000ef_1280.png","size":1351694,"hash":"qlKRbyxIZ4ISJ50HjZmi+wJbRJc=","fileName":"32d2b54034cf4fdc3c56e89852233345738f070104f66acbb29cd577edb9e104ea0f7f97e475771142e6d000864ab467d91a21bb2a8bf9c51000ef_1280.png","name":"32d2b54034cf4fdc3c56e89852233345738f070104f66acbb29cd577edb9e104ea0f7f97e475771142e6d000864ab467d91a21bb2a8bf9c51000ef_1280","width":1280,"height":960,"thumbnail":{"url":"np://user.desktop.nicepage.com/Site_60580323/images/thumbnails/32d2b54034cf4fdc3c56e89852233345738f070104f66acbb29cd577edb9e104ea0f7f97e475771142e6d000864ab467d91a21bb2a8bf9c51000ef_1280.png","width":250,"height":188},"usages":["244614302"]},{"id":"user-image-b98ff3d93fea593de754249fb16fe0bffdb0ee274f9cdea1e84bdec321078680694e7ca3233767dfd106b141a9a3b048fbfd0526a3194638c2abb8_1280.jpg","publicUrl":"np://user.desktop.nicepage.com/Site_60580323/images/b98ff3d93fea593de754249fb16fe0bffdb0ee274f9cdea1e84bdec321078680694e7ca3233767dfd106b141a9a3b048fbfd0526a3194638c2abb8_1280.jpg","size":243016,"hash":"rwNhAmFWJ314b2o4hP9Ao1xnhuM=","fileName":"b98ff3d93fea593de754249fb16fe0bffdb0ee274f9cdea1e84bdec321078680694e7ca3233767dfd106b141a9a3b048fbfd0526a3194638c2abb8_1280.jpg","name":"b98ff3d93fea593de754249fb16fe0bffdb0ee274f9cdea1e84bdec321078680694e7ca3233767dfd106b141a9a3b048fbfd0526a3194638c2abb8_1280","width":1280,"height":853,"thumbnail":{"url":"np://user.desktop.nicepage.com/Site_60580323/images/thumbnails/b98ff3d93fea593de754249fb16fe0bffdb0ee274f9cdea1e84bdec321078680694e7ca3233767dfd106b141a9a3b048fbfd0526a3194638c2abb8_1280.jpg","width":250,"height":167},"usages":["244614302"]},{"id":"user-image-ToscaBlackModernCubetechFashionBrandArtDesignLogo11.png","publicUrl":"np://user.desktop.nicepage.com/Site_60580323/images/ToscaBlackModernCubetechFashionBrandArtDesignLogo11.png","size":82561,"hash":"SHw1GdnJJvvY6JHnY6RkQkYb5I0=","fileName":"ToscaBlackModernCubetechFashionBrandArtDesignLogo11.png","name":"ToscaBlackModernCubetechFashionBrandArtDesignLogo11","width":1238,"height":798,"thumbnail":{"url":"np://user.desktop.nicepage.com/Site_60580323/images/thumbnails/ToscaBlackModernCubetechFashionBrandArtDesignLogo11.png","width":250,"height":161},"usages":[]},{"id":"user-image-4527147c07989a05797ba06203a19a07999d37bf669e876630bbce8ffca7b9aaf41a32ae9671ffb9ee4440a2acf48ace6d7f72155d4b3b14ed8c1e_1280.jpg","publicUrl":"np://user.desktop.nicepage.com/Site_60580323/images/4527147c07989a05797ba06203a19a07999d37bf669e876630bbce8ffca7b9aaf41a32ae9671ffb9ee4440a2acf48ace6d7f72155d4b3b14ed8c1e_1280.jpg","size":94455,"hash":"KjH6lzGRKaBbmmsif+TALlfJF1E=","fileName":"4527147c07989a05797ba06203a19a07999d37bf669e876630bbce8ffca7b9aaf41a32ae9671ffb9ee4440a2acf48ace6d7f72155d4b3b14ed8c1e_1280.jpg","name":"4527147c07989a05797ba06203a19a07999d37bf669e876630bbce8ffca7b9aaf41a32ae9671ffb9ee4440a2acf48ace6d7f72155d4b3b14ed8c1e_1280","width":1280,"height":1280,"thumbnail":{"url":"np://user.desktop.nicepage.com/Site_60580323/images/thumbnails/4527147c07989a05797ba06203a19a07999d37bf669e876630bbce8ffca7b9aaf41a32ae9671ffb9ee4440a2acf48ace6d7f72155d4b3b14ed8c1e_1280.jpg","width":250,"height":250},"usages":["244614302"]},{"id":"user-image-8175accb7afb653913036916cedd401f2fb7f3341911d1db7bedb8ff4ed68dfe32c0e3eb973e4500b2c9e3b17e3434fc84ed8336e0cda4c8968654_1280.png","publicUrl":"np://user.desktop.nicepage.com/Site_60580323/images/8175accb7afb653913036916cedd401f2fb7f3341911d1db7bedb8ff4ed68dfe32c0e3eb973e4500b2c9e3b17e3434fc84ed8336e0cda4c8968654_1280.png","size":131652,"hash":"01G65AlR3PAAhyXK6riQcLyQD10=","fileName":"8175accb7afb653913036916cedd401f2fb7f3341911d1db7bedb8ff4ed68dfe32c0e3eb973e4500b2c9e3b17e3434fc84ed8336e0cda4c8968654_1280.png","name":"8175accb7afb653913036916cedd401f2fb7f3341911d1db7bedb8ff4ed68dfe32c0e3eb973e4500b2c9e3b17e3434fc84ed8336e0cda4c8968654_1280","width":1280,"height":853,"thumbnail":{"url":"np://user.desktop.nicepage.com/Site_60580323/images/thumbnails/8175accb7afb653913036916cedd401f2fb7f3341911d1db7bedb8ff4ed68dfe32c0e3eb973e4500b2c9e3b17e3434fc84ed8336e0cda4c8968654_1280.png","width":250,"height":167},"usages":["244614302"]},{"id":"user-image-cbcf051e9456dfaa99ba7140f59c701ec4b8000f1d8920e5ba3833ebf92280126717e0f4117621e37648de534c2a740dad07df397b5ab1ec386798_1280.jpg","publicUrl":"np://user.desktop.nicepage.com/Site_60580323/images/cbcf051e9456dfaa99ba7140f59c701ec4b8000f1d8920e5ba3833ebf92280126717e0f4117621e37648de534c2a740dad07df397b5ab1ec386798_1280.jpg","size":136247,"hash":"xL4SnKb6fDjsc5vzFvMHtsSCXW8=","fileName":"cbcf051e9456dfaa99ba7140f59c701ec4b8000f1d8920e5ba3833ebf92280126717e0f4117621e37648de534c2a740dad07df397b5ab1ec386798_1280.jpg","name":"cbcf051e9456dfaa99ba7140f59c701ec4b8000f1d8920e5ba3833ebf92280126717e0f4117621e37648de534c2a740dad07df397b5ab1ec386798_1280","width":1280,"height":593,"thumbnail":{"url":"np://user.desktop.nicepage.com/Site_60580323/images/thumbnails/cbcf051e9456dfaa99ba7140f59c701ec4b8000f1d8920e5ba3833ebf92280126717e0f4117621e37648de534c2a740dad07df397b5ab1ec386798_1280.jpg","width":250,"height":116},"usages":["244614302"]},{"id":"user-image-Screenshot2023-05-13at10.50.49PM.png","publicUrl":"np://user.desktop.nicepage.com/Site_60580323/images/Screenshot2023-05-13at10.50.49PM.png","size":241803,"hash":"mfq7kznobBJNb0NKhgXX0d6UPtc=","fileName":"Screenshot2023-05-13at10.50.49PM.png","name":"Screenshot2023-05-13at10.50.49PM","width":954,"height":505,"thumbnail":{"url":"np://user.desktop.nicepage.com/Site_60580323/images/thumbnails/Screenshot2023-05-13at10.50.49PM.png","width":250,"height":132},"usages":["244614302"]},{"id":"user-image-Screenshot2023-05-13at10.51.58PM.png","publicUrl":"np://user.desktop.nicepage.com/Site_60580323/images/Screenshot2023-05-13at10.51.58PM.png","size":764395,"hash":"fZSbCW/vN4UxQIT5w0bssDhiwE8=","fileName":"Screenshot2023-05-13at10.51.58PM.png","name":"Screenshot2023-05-13at10.51.58PM","width":1095,"height":635,"thumbnail":{"url":"np://user.desktop.nicepage.com/Site_60580323/images/thumbnails/Screenshot2023-05-13at10.51.58PM.png","width":250,"height":145},"usages":["244614302"]},{"id":"user-image-Screenshot2023-05-13at10.53.35PM.png","publicUrl":"np://user.desktop.nicepage.com/Site_60580323/images/Screenshot2023-05-13at10.53.35PM.png","size":576921,"hash":"zIjiiHjkbQasYny7mRztiYEROto=","fileName":"Screenshot2023-05-13at10.53.35PM.png","name":"Screenshot2023-05-13at10.53.35PM","width":1170,"height":560,"thumbnail":{"url":"np://user.desktop.nicepage.com/Site_60580323/images/thumbnails/Screenshot2023-05-13at10.53.35PM.png","width":250,"height":120},"usages":["244614302"]},{"id":"user-image-c092ce1eea95f24233914bef16a6fe1c9bae2350ca2fa7d5523264005c2b505f5480d653efb050c5489086d588d1ee58f0b645463c3b9959e12b74_1280.jpg","publicUrl":"np://user.desktop.nicepage.com/Site_60580323/images/c092ce1eea95f24233914bef16a6fe1c9bae2350ca2fa7d5523264005c2b505f5480d653efb050c5489086d588d1ee58f0b645463c3b9959e12b74_1280.jpg","size":56866,"hash":"7Gcuep3hInA/lm5ijUmaDRdUsiw=","fileName":"c092ce1eea95f24233914bef16a6fe1c9bae2350ca2fa7d5523264005c2b505f5480d653efb050c5489086d588d1ee58f0b645463c3b9959e12b74_1280.jpg","name":"c092ce1eea95f24233914bef16a6fe1c9bae2350ca2fa7d5523264005c2b505f5480d653efb050c5489086d588d1ee58f0b645463c3b9959e12b74_1280","width":1280,"height":1280,"thumbnail":{"url":"np://user.desktop.nicepage.com/Site_60580323/images/thumbnails/c092ce1eea95f24233914bef16a6fe1c9bae2350ca2fa7d5523264005c2b505f5480d653efb050c5489086d588d1ee58f0b645463c3b9959e12b74_1280.jpg","width":250,"height":250},"usages":["244614302"]}]